Workbook

Sheet Dashboard
A1: PR. 2 ANALYZER PROJECT — DASHBOARD
A3: Total Sales | B3: =SUM(Dataset!E2:E51) -> 1048150
A4: Total Profit | B4: =SUM(Dataset!G2:G51) -> 803310.5
A5: Average Sales | B5: =AVERAGE(Dataset!E2:E51) -> 20963
A6: Customer Records | B6: =COUNTA(Dataset!B2:B51) -> 50
A9: Region | B9: Total Sales | D9: Customer | E9: Sales | G9: Product | H9: Sales
A10: East | B10: =SUMIF(Dataset!$C$2:$C$51,A10,Dataset!$E$2:$E$51) -> 200900 | D10: =Dataset!B2 -> Megha | E10: =Dataset!E2 -> 56000 | G10: ac | H10: =SUMIF(Dataset!$D$2:$D$51,G10,Dataset!$E$2:$E$51) -> 56000
A11: North | B11: =SUMIF(Dataset!$C$2:$C$51,A11,Dataset!$E$2:$E$51) -> 229500 | D11: =Dataset!B3 -> Jayesh | E11: =Dataset!E3 -> 55000 | G11: fridge | H11: =SUMIF(Dataset!$D$2:$D$51,G11,Dataset!$E$2:$E$51) -> 55000
A12: South | B12: =SUMIF(Dataset!$C$2:$C$51,A12,Dataset!$E$2:$E$51) -> 328850 | D12: =Dataset!B4 -> Om | E12: =Dataset!E4 -> 45600 | G12: smartwatch | H12: =SUMIF(Dataset!$D$2:$D$51,G12,Dataset!$E$2:$E$51) -> 45600
A13: West | B13: =SUMIF(Dataset!$C$2:$C$51,A13,Dataset!$E$2:$E$51) -> 288900 | D13: =Dataset!B5 -> Vaidehi | E13: =Dataset!E5 -> 45000 | G13: laptop | H13: =SUMIF(Dataset!$D$2:$D$51,G13,Dataset!$E$2:$E$51) -> 45000
D14: =Dataset!B6 -> Vijaya | E14: =Dataset!E6 -> 45000 | G14: speckar | H14: =SUMIF(Dataset!$D$2:$D$51,G14,Dataset!$E$2:$E$51) -> 45000
D15: =Dataset!B7 -> Ranjan | E15: =Dataset!E7 -> 34500 | G15: mobile | H15: =SUMIF(Dataset!$D$2:$D$51,G15,Dataset!$E$2:$E$51) -> 34500
D16: =Dataset!B8 -> Vedant | E16: =Dataset!E8 -> 34000 | G16: tv | H16: =SUMIF(Dataset!$D$2:$D$51,G16,Dataset!$E$2:$E$51) -> 34000
D17: =Dataset!B9 -> Shankar | E17: =Dataset!E9 -> 32000 | G17: blender | H17: =SUMIF(Dataset!$D$2:$D$51,G17,Dataset!$E$2:$E$51) -> 32000
D18: =Dataset!B10 -> Hetvi | E18: =Dataset!E10 -> 32000 | G18: Laptop Stand | H18: =SUMIF(Dataset!$D$2:$D$51,G18,Dataset!$E$2:$E$51) -> 32000
D19: =Dataset!B11 -> Anurag | E19: =Dataset!E11 -> 30000 | G19: Power Bank | H19: =SUMIF(Dataset!$D$2:$D$51,G19,Dataset!$E$2:$E$51) -> 30000

Sheet Pivot Table
A1: Row Labels | B1: Sum of sales
A2: East | B2: 200900
A3: ac | B3: 56000
A4: Bluetooth Speaker | B4: 8500
A5: Electric Kettle | B5: 10500
A6: Game Controller | B6: 9700
A7: Graphics Card | B7: 8900
A8: headphone | B8: 18500
A9: Microwave Oven | B9: 16500
A10: Monitor | B10: 9800
A11: speckar | B11: 45000
A12: USB Cable | B12: 17500
A13: North | B13: 229500
... A55: Webcam | B55: 14000
A56: (blank)
A57: (blank)
A58: Grand Total | B58: 1048150

Sheet Dataset
A1: Customber id | B1: Customber name | C1: Region | D1: Product | E1: sales | F1: Discount | G1: profit | H1: Monthly sales growth | I1: Timestamp | J1: Monthly Sales Trend | K1: High value customber
A2: 104 | B2: Megha | C2: East | D2: ac | E2: 56000 | F2: 0.2 | G2: =E2*(1-F2) -> 44800 | H2: =0 -> 0 | I2: =NOW() -> 46308.895 | J2: =IF(H2>0,"↑",IF(H2<0,"↓","→")) -> → | K2: =IF(E2>=LARGE($E$2:$E$51,10),INDEX($B$2:$B$51,MATCH(E2,$E$2:$E$51,0)),"") -> Megha
A3: 103 | B3: Jayesh | C3: South | D3: fridge | E3: 55000 | F3: 0.2 | G3: =E3*(1-F3) -> 44000 | H3: =IFERROR((E3-E2)/E2,0) -> -0.017857143 | I3: =NOW() -> 46308.895 | J3: =IF(H3>0,"↑",IF(H3<0,"↓","→")) -> ↓ | K3: =IF(E3>=LARGE($E$2:$E$51,10),INDEX($B$2:$B$51,MATCH(E3,$E$2:$E$51,0)),"") -> Jayesh
A4: 105 | B4: Om | C4: South | D4: smartwatch | E4: 45600 | F4: 0.4 | G4: =E4*(1-F4) -> 27360 | H4: =IFERROR((E4-E3)/E3,0) -> -0.17090909 | I4: =NOW() -> 46308.895 | J4: =IF(H4>0,"↑",IF(H4<0,"↓","→")) -> ↓ | K4: =IF(E4>=LARGE($E$2:$E$51,10),INDEX($B$2:$B$51,MATCH(E4,$E$2:$E$51,0)),"") -> Om
A5: 101 | B5: Vaidehi | C5: North | D5: laptop | E5: 45000 | F5: 0.5 | G5: =E5*(1-F5) -> 22500 | H5: =IFERROR((E5-E4)/E4,0) -> -0.013157895 | I5: =NOW() -> 46308.895 | J5: =IF(H5>0,"↑",IF(H5<0,"↓","→")) -> ↓ | K5: =IF(E5>=LARGE($E$2:$E$51,10),INDEX($B$2:$B$51,MATCH(E5,$E$2:$E$51,0)),"") -> Vaidehi
A6: 109 | B6: Vijaya | C6: East | D6: speckar | E6: 45000 | F6: 0.67 | G6: =E6*(1-F6) -> 14850 | H6: =IFERROR((E6-E5)/E5,0) -> 0 | I6: =NOW() -> 46308.895 | J6: =IF(H6>0,"↑",IF(H6<0,"↓","→")) -> → | K6: =IF(E6>=LARGE($E$2:$E$51,10),INDEX($B$2:$B$51,MATCH(E6,$E$2:$E$51,0)),"") -> Vaidehi
A7: 106 | B7: Ranjan | C7: West | D7: mobile | E7: 34500 | F7: 0.34 | G7: =E7*(1-F7) -> 22770 | H7: =IFERROR((E7-E6)/E6,0) -> -0.23333333 | I7: =NOW() -> 46308.895 | J7: =IF(H7>0,"↑",IF(H7<0,"↓","→")) -> ↓ | K7: =IF(E7>=LARGE($E$2:$E$51,10),INDEX($B$2:$B$51,MATCH(E7,$E$2:$E$51,0)),"") -> Ranjan
A8: 102 | B8: Vedant | C8: West | D8: tv | E8: 34000 | F8: 0.3 | G8: =E8*(1-F8) -> 23800 | H8: =IFERROR((E8-E7)/E7,0) -> -0.014492754 | I8: =NOW() -> 46308.895 | J8: =IF(H8>0,"↑",IF(H8<0,"↓","→")) -> ↓ | K8: =IF(E8>=LARGE($E$2:$E$51,10),INDEX($B$2:$B$51,MATCH(E8,$E$2:$E$51,0)),"") -> Vedant
A9: 108 | B9: Shankar | C9: West | D9: blender | E9: 32000 | F9: 0.45 | G9: =E9*(1-F9) -> 17600 | H9: =IFERROR((E9-E8)/E8,0) -> -0.058823529 | I9: =NOW() -> 46308.895 | J9: =IF(H9>0,"↑",IF(H9<0,"↓","→")) -> ↓ | K9: =IF(E9>=LARGE($E$2:$E$51,10),INDEX($B$2:$B$51,MATCH(E9,$E$2:$E$51,0)),"") -> Shankar
A10: 137 | B10: Hetvi | C10: south | D10: Laptop Stand | E10: 32000 | F10: 0.16 | G10: =E10*(1-F10) -> 26880 | H10: =IFERROR((E10-E9)/E9,0) -> 0 | I10: =NOW() -> 46308.895 | J10: =IF(H10>0,"↑",IF(H10<0,"↓","→")) -> → | K10: =IF(E10>=LARGE($E$2:$E$51,10),INDEX($B$2:$B$51,MATCH(E10,$E$2:$E$51,0)),"") -> Shankar
A11: 120 | B11: Anurag | C11: South | D11: Power Bank | E11: 30000 | F11: 0.25 | G11: =E11*(1-F11) -> 22500 | H11: =IFERROR((E11-E10)/E10,0) -> -0.0625 | I11: =NOW() -> 46308.895 | J11: =IF(H11>0,"↑",IF(H11<0,"↓","→")) -> ↓ | K11: =IF(E11>=LARGE($E$2:$E$51,10),INDEX($B$2:$B$51,MATCH(E11,$E$2:$E$51,0)),"") -> Anurag
A12: 149 | B12: Ved | C12: West | D12: Iron | E12: 29000 | F12: 0.08 | G12: =E12*(1-F12) -> 26680 | H12: =IFERROR((E12-E11)/E11,0) -> -0.033333333 | I12: =NOW() -> 46308.895 | J12: =IF(H12>0,"↑",IF(H12<0,"↓","→")) -> ↓ | K12: =IF(E12>=LARGE($E$2:$E$51,10),INDEX($B$2:$B$51,MATCH(E12,$E$2:$E$51,0)),"")
A13: 130 | B13: Pooja | C13: West | D13: Camera | E13: 28500 | F13: 0.25 | G13: =E13*(1-F13) -> 21375 | H13: =IFERROR((E13-E12)/E12,0) -> -0.017241379 | I13: =NOW() -> 46308.895 | J13: =IF(H13>0,"↑",IF(H13<0,"↓","→")) -> ↓ | K13: =IF(E13>=LARGE($E$2:$E$51,10),INDEX($B$2:$B$51,MATCH(E13,$E$2:$E$51,0)),"")
A14: 123 | B14: Vikram | C14: North | D14: Pendrive | E14: 27500 | F14: 0.15 | G14: =E14*(1-F14) -> 23375 | H14: =IFERROR((E14-E13)/E13,0) -> -0.035087719 | I14: =NOW() -> 46308.895 | J14: =IF(H14>0,"↑",IF(H14<0,"↓","→")) -> ↓ | K14: =IF(E14>=LARGE($E$2:$E$51,10),INDEX($B$2:$B$51,MATCH(E14,$E$2:$E$51,0)),"")
... A51: 118 | B51: Liya | C51: West | D51: Smart Watch | E51: 6500 | F51: 0.2 | G51: =E51*(1-F51) -> 5200 | H51: =IFERROR((E51-E50)/E50,0) -> -0.097222222 | I51: =NOW() -> 46308.895 | J51: =IF(H51>0,"↑",IF(H51<0,"↓","→")) -> ↓ | K51: =IF(E51>=LARGE($E$2:$E$51,10),INDEX($B$2:$B$51,MATCH(E51,$E$2:$E$51,0)),"")

Sheet Conditional Formatting
A1: Customer Name | B1: sales
A2: Vaidehi | B2: 45000
A3: Vedant | B3: 34000
A4: Jayesh | B4: 55000
A5: Megha | B5: 56000
A6: Om | B6: 45600
A7: Ranjan | B7: 34500
A8: Jagdish | B8: 23000
A9: Shankar | B9: 32000
A10: Vijaya | B10: 45000
A11: Vaishali | B11: 23900

Sheet What-If Analysis
A1: Discount | B1: Total Profit at Scenario Discount
A2: 0 | B2: =SUM(Dataset!$E$2:$E$51)*(1-A2) -> 1048150
A3: 0.05 | B3: =SUM(Dataset!$E$2:$E$51)*(1-A3) -> 995742.5
A4: 0.1 | B4: =SUM(Dataset!$E$2:$E$51)*(1-A4) -> 943335
A5: 0.15 | B5: =SUM(Dataset!$E$2:$E$51)*(1-A5) -> 890927.5
A6: 0.2 | B6: =SUM(Dataset!$E$2:$E$51)*(1-A6) -> 838520

Sheet Regression
A1: Sales | B1: Profit
A2: 45000 | B2: 22500
A3: 34000 | B3: 23800
A4: 55000 | B4: 44000
A5: 56000 | B5: 44800
A6: 45600 | B6: 27360
A7: 34500 | B7: 22770
A8: 23000 | B8: 8050
A9: 32000 | B9: 17600
A10: 45000 | B10: 14850
A11: 23900 | B11: 12906
T14: D

Sheet Regression Output
A1: SUMMARY OUTPUT
A2: Regression Statistics
A3: Multiple R | B3: 0.85624604
A4: R Square | B4: 0.73315728
A5: Adjusted R Square | B5: 0.69980194
A6: Standard Error | B6: 6709.6929
A8: Observations | B8: 10
A10: ANOVA
B11: df | C11: SS | D11: MS | E11: F | F11: Significance F
A12: Regression | B12: 1 | C12: 9.8954845e+08 | D12: 9.8954845e+08 | E12: 21.980207 | F12: 0.001564956
A13: Residual | B13: 8 | C13: 3.6015983e+08 | D13: 45019979
A14: Total | B14: 9 | C14: 1.3497083e+09
B16: Coefficients | C16: Standard Error | D16: t Stat | E16: P-value | F16: Lower 95% | G16: Upper 95% | H16: Lower 95.0% | I16: Upper 95.0%
A17: Intercept | B17: -11372.78 | C17: 7809.5644 | D17: -1.4562631 | E17: 0.18341623 | F17: -29381.668 | G17: 6636.1075 | H17: -29381.668 | I17: 6636.1075
A18: Sales | B18: 0.89432437 | C18: 0.19075643 | D18: 4.6883053 | E18: 0.001564956 | F18: 0.45443926 | G18: 1.3342095 | H18: 0.45443926 | I18: 1.3342095

Sheet Descriptive Statistics - Sales
A1: Sales
A3: Mean | B3: 39400
A4: Standard Error | B4: 3707.6797
A5: Median | B5: 39750
A6: Mode | B6: 45000
A7: Standard Deviation | B7: 11724.713
A8: Sample Variance | B8: 1.3746889e+08
A9: Kurtosis | B9: -1.18534
A10: Skewness | B10: 0.012504783
A11: Range | B11: 33000
A12: Minimum | B12: 23000
A13: Maximum | B13: 56000
A14: Sum | B14: 394000
A15: Count | B15: 10
